Start;End;Sleep Quality;Regularity;Mood;Steps;Air Pressure (Pa);City;Movements per hour;Time in bed (seconds);Window start;Window stop;Did snore;Snore time;Weather temperature (°F);Weather type;Notes
2021-08-12 23:42:44;2021-08-13 06:49:00;73%;—;;0;;;48.685875;25575.832;;;false;0;;;
2021-08-13 21:13:40;2021-08-14 08:37:23;93%;64%;;0;;;44.422813;41023.318;;;false;0;;;
2021-08-14 22:08:58;2021-08-15 04:48:43;45%;62%;;0;;;94.70592;23984.457;;;false;0;;;
2021-08-15 21:08:51;2021-08-16 05:10:01;76%;71%;;0;;;69.66552;28869.459;;;false;0;;;
2021-08-16 20:57:56;2021-08-17 05:03:17;85%;82%;OK;0;101.020004;Mỹ Đình;44.529137;29121.817;;;true;56;82 ;Cloudy;Good day
2021-08-17 21:44:49;2021-08-18 07:01:35;91%;87%;Bad;0;100.770004;Mỹ Đình;57.28848;33406.156;;;false;0;82 ;Cloudy;Good day
2021-08-18 20:55:45;2021-08-19 05:01:12;76%;83%;OK;0;100.61;Mỹ Đình;73.20964;29127.122;;;false;0;82 ;Cloudy;Tired
2021-08-19 21:01:06;2021-08-20 04:42:37;80%;83%;OK;0;100.8;;52.86978;27690.881;;;false;0;82 ;Cloudy;Good day
2021-08-20 21:38:06;2021-08-21 05:56:32;86%;85%;Good;0;100.78;;54.319603;29906.291;;;false;0;81 ;Sunny;Good day
2021-08-21 21:38:47;2021-08-22 06:01:50;88%;93%;Good;0;100.63;Mỹ Đình;51.9361;30182.878;;;false;0;83 ;Cloudy;
2021-08-22 22:16:04;2021-08-23 05:52:12;77%;92%;Good;0;100.33;Mỹ Đình;57.41106;27367.997;;;false;0;84 ;Cloudy;Good day
2021-08-23 22:25:54;2021-08-24 06:34:51;91%;95%;Good;0;100.409996;Mỹ Đình;38.277187;29336.869;;;false;0;82 ;Cloudy;Headache
2021-08-24 21:22:20;2021-08-25 05:43:18;84%;90%;Good;0;100.659996;Mỹ Đình;56.627884;30058.029;;;true;1058;80 ;Rain;Stressful day
2021-08-25 23:11:23;2021-08-26 06:03:28;65%;86%;OK;0;100.67;Mỹ Đình;67.563446;24725.037;;;true;366;79 ;Rainy showers;Headache:Stressful day
2021-08-26 22:05:27;2021-08-27 06:05:25;88%;85%;OK;0;101.03;Mỹ Đình;42.448837;28798.098;;;true;247;77 ;Rain;Tired
2021-08-27 23:38:56;2021-08-28 06:54:08;73%;84%;;0;;;85.658615;26111.89211392;;;true;1925;;;
2021-08-28 23:21:02;2021-08-29 06:12:39;61%;87%;;0;100.36342;Hanoi;65.812454;24696.560236032;;;false;0;77 ;;
2021-08-31 22:29:19;2021-09-01 06:19:54;82%;91%;;0;;;75.92317;28234.056305152;;;true;82;;;
2021-09-01 22:30:07;2021-09-02 05:45:46;76%;95%;;0;100.12008;Hanoi;64.14631;26138.933703936;;;false;0;77 ;;null
2021-09-03 21:20:51;2021-09-04 06:19:04;91%;90%;Good;0;100.62;;57.08747;32292.732;;;false;0;79 ;Sunny;
2021-09-04 22:56:12;2021-09-05 07:30:50;97%;81%;OK;0;100.68;Mỹ Đình;42.67999;30877.515;;;false;0;77 ;Fair;
2021-09-05 21:31:55;2021-09-06 06:04:37;93%;76%;Bad;0;;Mỹ Đình;47.13631;30762.358;;;true;379;;;
2021-09-06 21:42:40;2021-09-07 06:15:33;88%;83%;OK;0;101.15;Mỹ Đình;54.0935;30772.403;;;true;60;78 ;Rainy showers;
2021-09-07 22:02:26;2021-09-08 05:53:30;69%;89%;OK;0;;Mỹ Đình;70.73428;28263.935;;;false;0;77 ;;
2021-09-09 21:29:14;2021-09-10 06:16:04;100%;93%;OK;0;101.06;Mỹ Đình;13.637705;31609.983;;;false;0;76 ;Sunny;
2021-09-12 23:09:32;2021-09-13 07:02:03;81%;79%;Good;0;100.37;Mỹ Đình;50.48117;28350.894;;;false;0;82 ;Fair;
2021-09-14 22:22:55;2021-09-15 06:50:48;89%;91%;Good;0;;Mỹ Đình;46.503384;30473.145;;;false;0;;;
2021-09-16 22:12:10;2021-09-17 06:50:30;95%;98%;Good;0;100.89;Mỹ Đình;40.433876;31099.737;;;false;0;78 ;Cloudy;
2021-09-17 22:23:46;2021-09-18 06:29:53;80%;96%;Good;0;100.83;;57.24126;29167.087;;;true;57;80 ;Cloudy;
2021-09-18 23:06:29;2021-09-19 07:07:18;80%;92%;OK;0;;;55.15089;28848.905;;;false;0;;;
2021-09-19 22:35:10;2021-09-20 07:14:48;88%;93%;OK;0;101.07;Mỹ Đình;52.506073;31178.162;;;false;0;80 ;Cloudy;Good day
2021-09-20 23:10:21;2021-09-21 07:19:41;76%;92%;Bad;0;;;64.9284;29360.024;;;false;0;;;
2021-09-23 00:45:51;2021-09-23 08:45:21;90%;84%;OK;0;;;35.64241;28769.632;;;false;0;;;
2021-09-23 22:39:21;2021-09-24 07:10:27;83%;72%;OK;0;;;58.85518;30665.985;;;false;0;;;Tired
2021-09-24 21:31:23;2021-09-25 07:01:53;92%;79%;OK;0;;;51.352345;34229.531;;;false;0;;;
2021-09-25 22:05:51;2021-09-26 06:36:19;91%;83%;OK;0;;;44.373787;30628.274;;;false;0;;;
2021-09-26 22:22:23;2021-09-27 06:48:35;95%;92%;OK;0;;;36.128345;30371.971;;;true;212;;;
2021-09-27 22:51:06;2021-09-28 07:15:34;86%;93%;OK;0;101.090004;Mỹ Đình;51.113377;30267.659;;;true;61;77 ;Fair;
2021-09-28 22:32:12;2021-09-29 07:12:15;87%;95%;OK;0;;;52.773994;31202.483;;;false;0;;;
2021-09-29 23:17:49;2021-09-30 07:15:04;84%;94%;OK;0;;;46.696396;28634.513;;;false;0;;;
2021-10-01 23:16:48;2021-10-02 07:25:45;87%;95%;OK;0;;;45.2184;29336.231;;;false;0;;;
2021-10-03 23:00:41;2021-10-04 07:21:16;95%;97%;OK;0;;;35.932632;30034.6;;;false;0;;;Good day
2021-10-04 23:12:39;2021-10-05 07:30:09;100%;97%;OK;0;;;18.210012;29850.724;;;false;0;;;
2021-10-05 22:37:38;2021-10-06 06:38:08;83%;92%;OK;0;;;47.330853;28829.623;;;true;61;;;
2021-10-08 21:36:26;2021-10-09 06:30:49;81%;90%;OK;0;;;63.916737;32063.158;;;false;0;;;Tea
2021-10-09 21:29:56;2021-10-10 06:51:03;88%;96%;OK;0;;;54.77394;33666.872;;;false;0;;;
2021-10-10 21:36:18;2021-10-11 06:20:46;93%;95%;OK;0;;;42.266438;31467.917;;;false;0;;;
2021-10-11 20:24:46;2021-10-12 06:30:24;91%;93%;OK;0;;;49.761047;36337.934;21-10-12 06:02:46;21-10-12 06:27:00;false;0;;;
2021-10-13 23:28:27;2021-10-14 06:54:28;81%;79%;OK;0;;;39.478825;26761.275;21-10-14 06:33:28;21-10-14 06:57:00;false;0;;;
2021-10-14 22:57:59;2021-10-15 06:42:57;80%;82%;OK;0;;;46.67898;27897.792;21-10-15 06:18:07;21-10-15 06:45:00;true;363;;;
2021-10-15 22:41:22;2021-10-16 07:12:02;80%;93%;OK;0;;;59.627182;30639.832;21-10-16 07:00:14;21-10-16 07:25:00;false;0;;;
2021-10-17 22:48:53;2021-10-18 07:25:21;82%;95%;OK;0;;;57.774387;30988.156;21-10-18 07:01:08;21-10-18 07:25:00;false;0;;;
2021-10-19 23:29:29;2021-10-20 08:29:58;100%;85%;OK;0;;;37.513844;32429.861;21-10-20 07:55:37;21-10-20 08:22:00;false;0;;;
2021-10-20 20:13:07;2021-10-21 07:55:30;81%;76%;OK;0;;;64.04463;42143.032;21-10-21 07:24:26;21-10-21 07:47:00;false;0;;;
2021-10-21 23:13:03;2021-10-22 08:00:05;98%;71%;OK;0;;;36.55069;31621.393;21-10-22 08:01:14;21-10-22 08:25:00;false;0;;;
2021-10-22 22:31:55;2021-10-23 07:36:40;86%;77%;OK;0;;;57.126926;32685.032;21-10-23 07:13:30;21-10-23 07:40:00;false;0;;;
2021-10-23 21:33:54;2021-10-24 07:25:37;94%;85%;Bad;0;;;46.684303;35502.495;21-10-24 06:59:16;21-10-24 07:22:00;false;0;;;
2021-10-24 23:18:45;2021-10-25 07:34:02;96%;88%;OK;0;;;30.794481;29717.215;21-10-25 07:30:25;21-10-25 07:55:00;false;0;;;
2021-10-25 21:57:50;2021-10-26 07:45:56;100%;87%;OK;0;101.590004;Mễ Trì;35.355682;35286.398;21-10-26 07:15:45;21-10-26 07:42:00;false;0;64 ;Sunny;
2021-10-26 22:43:17;2021-10-27 09:12:59;69%;84%;Bad;0;101.69;Mễ Trì;81.221176;37782.69;21-10-27 08:53:13;21-10-27 09:17:00;false;0;67 ;Sunny;
2021-10-27 23:55:50;2021-10-28 08:42:32;88%;84%;Bad;0;101.6;Mễ Trì;51.790672;31601.668;21-10-28 08:04:03;21-10-28 08:30:00;false;0;72 ;Cloudy;
2021-10-28 23:30:37;2021-10-29 08:30:31;95%;87%;OK;0;101.67;Mễ Trì;44.494087;32393.474;21-10-29 08:05:42;21-10-29 08:30:00;false;0;70 ;Rain;
2021-10-29 22:59:51;2021-10-30 08:01:29;100%;90%;OK;0;;Mễ Trì;36.227352;32497.869;21-10-30 08:14:05;21-10-30 08:37:00;false;0;;;Good day:Nap
2021-10-30 22:49:06;2021-10-31 07:55:03;92%;94%;OK;0;;;48.34011;32757.034;21-10-31 07:28:31;21-10-31 07:52:00;false;0;;;
2021-10-31 23:22:32;2021-11-01 08:27:26;86%;93%;OK;0;;Mễ Trì;57.357826;32694.445;21-11-01 08:22:17;21-11-01 08:47:00;false;0;69 ;;Headache
2021-11-02 22:03:07;2021-11-03 08:17:33;97%;89%;OK;0;;;42.14616;36865.929;21-11-03 08:07:20;21-11-03 08:32:00;false;0;;;
2021-11-03 22:40:28;2021-11-04 08:32:08;88%;90%;OK;0;101.35;Mễ Trì;54.06447;35500.065;21-11-04 08:14:48;21-11-04 08:37:00;true;62;70 ;Sunny;
2021-11-04 22:09:44;2021-11-05 08:37:53;82%;93%;OK;0;101.1;Mễ Trì;63.56759;37688.531;21-11-05 08:28:15;21-11-05 08:52:00;false;0;74 ;Cloudy;
2021-11-05 22:04:11;2021-11-06 08:30:08;93%;95%;Good;0;100.78;Mễ Trì;47.488583;37557.625;21-11-06 08:00:14;21-11-06 08:27:00;false;0;74 ;Cloudy;
2021-11-06 23:44:43;2021-11-07 09:57:28;87%;88%;Bad;0;100.86;Mễ Trì;56.632687;36765.174;21-11-07 09:24:26;21-11-07 09:47:00;true;1676;75 ;Cloudy;
2021-11-07 22:55:25;2021-11-08 08:20:46;100%;83%;Bad;0;102.14;Mễ Trì;34.859787;33920.314;21-11-08 07:55:16;21-11-08 08:20:00;false;0;63 ;Cloudy;Tea
2021-11-08 22:36:34;2021-11-09 08:05:24;98%;82%;Bad;0;102.1;Mễ Trì;41.163494;34130.651;21-11-09 07:35:06;21-11-09 08:02:00;false;0;60 ;Fair;
2021-11-09 23:50:00;2021-11-10 08:47:41;94%;86%;OK;0;102.19;Mễ Trì;45.522274;32261.445;21-11-10 08:47:50;21-11-10 09:10:00;false;0;59 ;Fair;
2021-11-10 23:48:59;2021-11-11 08:24:53;96%;91%;OK;0;101.83;Mỹ Đình;36.78749;30954.012;21-11-11 08:01:08;21-11-11 08:25:00;false;0;59 ;Fair;
2021-11-11 23:51:58;2021-11-12 08:15:51;99%;92%;Bad;0;101.9;Mễ Trì;29.615665;30232.939;21-11-12 07:46:12;21-11-12 08:12:00;false;0;62 ;Fair;
2021-11-12 22:37:59;2021-11-13 08:36:03;93%;93%;Bad;0;102.03;Mễ Trì;46.456;35884.846;21-11-13 08:06:21;21-11-13 08:32:00;false;0;66 ;Cloudy;Tea
2021-11-13 22:44:30;2021-11-14 08:25:01;100%;94%;OK;0;101.88;Mỹ Đình;36.41546;34830.358;21-11-14 07:58:08;21-11-14 08:25:00;false;0;62 ;Cloudy;
2021-11-14 23:49:46;2021-11-15 09:05:38;86%;89%;Good;0;101.590004;Mễ Trì;56.73361;33352.321;21-11-15 08:51:14;21-11-15 09:15:00;false;0;63 ;Cloudy;
2021-11-16 00:35:49;2021-11-16 10:08:45;95%;89%;OK;0;101.78;;43.74021;34375.992;21-11-16 09:50:44;21-11-16 10:15:00;false;0;70 ;Rain;
2021-11-17 21:11:50;2021-11-18 07:35:26;100%;67%;OK;0;;Mỹ Đình;33.772705;37416.33;21-11-18 07:24:43;21-11-18 07:47:00;false;0;;;
2021-11-18 21:57:00;2021-11-19 08:03:35;100%;70%;Good;0;;;24.750526;36394.979;21-11-19 07:55:45;21-11-19 08:22:00;false;0;;;
2021-11-20 07:39:05;2021-11-20 10:25:43;12%;0%;Bad;0;;;154.35892;9998.102;21-11-20 10:02:26;21-11-20 10:25:00;false;0;;;
2021-11-20 21:31:55;2021-11-21 07:25:02;96%;90%;Good;0;;;43.325096;35586.753;21-11-21 07:01:11;21-11-21 07:25:00;false;0;;;
2021-11-21 20:23:48;2021-11-22 07:20:33;92%;90%;OK;0;;;49.719803;39405.726;21-11-22 07:18:17;21-11-22 07:42:00;false;0;;;Tea
2021-11-22 21:45:41;2021-11-23 07:52:31;97%;87%;OK;0;;;41.916687;36409.943;21-11-23 07:29:57;21-11-23 07:52:00;false;0;;;
2021-11-23 23:18:24;2021-11-24 07:49:17;87%;86%;OK;0;;;49.698906;30653.433;21-11-24 08:24:54;21-11-24 08:47:00;false;0;;;
2021-11-24 21:34:18;2021-11-25 08:19:09;89%;84%;OK;0;;;55.15922;38690.355;21-11-25 07:53:56;21-11-25 08:17:00;true;195;;;
2021-11-26 22:17:53;2021-11-27 07:59:00;99%;86%;OK;0;;;37.87666;34867.384;21-11-27 07:48:46;21-11-27 08:12:00;false;0;;;
2021-11-28 00:01:16;2021-11-28 09:26:12;94%;82%;Good;0;102.06;Mỹ Đình;51.913025;33895.97;21-11-28 08:59:42;21-11-28 09:22:00;false;0;60 ;Sunny;
2021-11-28 21:59:10;2021-11-29 08:40:08;89%;75%;OK;0;101.89;Mỹ Đình;54.569477;38458.07;21-11-29 08:07:07;21-11-29 08:32:00;true;930;65 ;Cloudy;Tea
2021-11-29 21:54:07;2021-11-30 07:19:43;94%;79%;OK;0;;Mỹ Đình;63.987946;33936.044;21-11-30 07:13:21;21-11-30 07:40:00;true;61;;;
2021-11-30 22:24:51;2021-12-01 06:58:35;94%;85%;OK;0;102.29;Mỹ Đình;44.157207;30823.903;21-12-01 07:21:27;21-12-01 07:45:00;false;0;61 ;Cloudy;
2021-12-01 22:29:29;2021-12-02 08:45:46;85%;88%;OK;0;102.21;Xuan Phuong;71.20952;36976.584;21-12-02 08:18:03;21-12-02 08:42:00;true;1465;53 ;Cloudy;
2021-12-02 21:24:53;2021-12-03 06:58:45;96%;84%;OK;0;102.28;Mỹ Đình;46.34715;34431.625;21-12-03 06:47:14;21-12-03 07:10:00;false;0;53 ;Sunny;
2021-12-03 23:11:43;2021-12-04 08:55:42;67%;76%;Bad;0;102.240005;Mỹ Đình;260.6176;35039.194;21-12-04 08:28:19;21-12-04 08:52:00;false;0;52 ;Sunny;
2021-12-04 21:07:50;2021-12-05 08:44:50;83%;75%;OK;0;;Mỹ Đình;148.33179;41820.26;21-12-05 08:15:53;21-12-05 08:42:00;false;0;55 ;;
2021-12-05 21:03:03;2021-12-06 08:02:40;95%;81%;OK;0;102.03;Mỹ Đình;53.131413;39577.123;21-12-06 08:00:56;21-12-06 08:27:00;false;0;55 ;Sunny;
2021-12-06 20:54:57;2021-12-07 05:24:08;80%;83%;Bad;0;;;166.48349;30550.679;21-12-07 08:42:26;21-12-07 09:07:00;false;0;;;
2021-12-07 19:44:36;2021-12-08 06:51:30;99%;82%;OK;0;;;40.880432;40014.107;21-12-08 06:20:30;21-12-08 06:47:00;true;67;;;
2021-12-09 22:40:05;2021-12-10 07:19:17;90%;74%;OK;0;;;91.31022;31151.568;21-12-10 07:20:40;21-12-10 07:45:00;false;0;;;Stressful day
2021-12-11 22:04:44;2021-12-12 07:05:55;97%;93%;OK;0;;;66.68365;32471.505;21-12-12 06:38:20;21-12-12 07:05:00;false;0;;;
2021-12-13 23:29:22;2021-12-14 08:06:07;98%;79%;OK;0;;;34.44258;31004.945;21-12-14 07:40:58;21-12-14 08:05:00;false;0;;;
2021-12-14 19:01:45;2021-12-15 05:26:35;85%;60%;OK;0;;;132.34734;37490.352;21-12-15 04:58:28;21-12-15 05:22:00;true;1185;;;
2021-12-15 22:16:57;2021-12-16 06:47:32;95%;51%;OK;0;;;45.941162;30635.316;21-12-16 06:41:16;21-12-16 07:05:00;false;0;;;
2021-12-16 21:31:22;2021-12-17 07:27:59;99%;63%;Bad;0;;;53.36488;35796.967;21-12-17 07:16:40;21-12-17 07:42:00;false;0;;;
2021-12-17 20:55:05;2021-12-18 05:47:36;86%;76%;Bad;0;;;115.99315;31950.995;21-12-18 05:15:05;21-12-18 05:42:00;true;151;;;
2021-12-20 21:39:37;2021-12-21 06:31:28;90%;87%;OK;0;;;92.89864;31910.565;21-12-21 06:02:50;21-12-21 06:27:00;true;695;;;
2021-12-21 21:05:17;2021-12-22 05:48:57;98%;89%;Bad;0;;;41.935844;31420.162;21-12-22 05:23:30;21-12-22 05:47:00;false;0;;;
2021-12-22 21:35:58;2021-12-23 05:36:35;87%;91%;OK;0;;;60.034306;28837.0;21-12-23 05:29:38;21-12-23 05:55:00;true;102;;;
2021-12-23 19:07:20;2021-12-24 04:20:27;92%;84%;Bad;0;;;85.82304;33187.206;21-12-24 03:53:56;21-12-24 04:17:00;true;218;;;
2021-12-24 19:46:48;2021-12-25 04:26:12;81%;85%;OK;0;;;126.1124;31163.765;21-12-25 04:01:46;21-12-25 04:25:00;false;0;;;
2021-12-25 20:22:10;2021-12-26 04:26:12;96%;85%;OK;0;;;15.599913;29041.4;21-12-26 03:59:26;21-12-26 04:25:00;false;0;;;
2021-12-26 19:23:25;2021-12-27 04:28:54;95%;93%;OK;0;101.37;Thành phố Tây Ninh;73.57793;32728.818;21-12-27 04:11:09;21-12-27 04:37:00;false;0;75 ;Sunny;
2021-12-27 19:29:32;2021-12-28 04:30:19;80%;95%;;0;101.3;Long Thành Trung;144.43407;32447.463;21-12-28 04:04:04;21-12-28 04:30:00;false;0;72 ;Cloudy;
2021-12-28 19:32:04;2021-12-29 04:50:44;91%;95%;;0;;Long Thành Trung;94.9636;33520.431;21-12-29 03:58:12;21-12-29 04:25:00;false;0;74 ;;
2021-12-29 19:36:40;2021-12-30 04:36:37;88%;97%;;0;101.3;Thành phố Tây Ninh;104.93787;32396.961;21-12-30 04:17:15;21-12-30 04:40:00;false;0;75 ;Sunny;Tea
2021-12-30 19:23:50;2021-12-31 04:19:14;93%;96%;;0;101.35;Thành phố Tây Ninh;80.90696;32124.443;21-12-31 04:01:14;21-12-31 04:25:00;true;188;73 ;Cloudy;
2022-01-01 19:44:07;2022-01-02 06:52:00;78%;85%;;0;101.270004;Thành phố Tây Ninh;152.59305;40072.464;22-01-02 04:03:42;22-01-02 04:30:00;true;225;74 ;Cloudy;
2022-01-02 19:49:02;2022-01-03 06:49:59;67%;87%;;0;101.19;Thành phố Tây Ninh;204.09503;39656.995;22-01-03 04:04:13;22-01-03 04:30:00;false;0;73 ;Cloudy;
2022-01-03 20:09:11;2022-01-04 04:21:51;74%;87%;;0;;Thành phố Tây Ninh;148.91995;29559.9;22-01-04 04:05:31;22-01-04 04:30:00;false;0;74 ;;
2022-01-05 22:23:24;2022-01-06 08:59:59;73%;59%;;0;101.259995;Thành phố Tây Ninh;385.74695;38194.94;22-01-06 06:48:56;22-01-06 07:15:00;false;0;74 ;Cloudy;
2022-01-06 19:04:58;2022-01-07 07:21:24;83%;50%;;0;101.240005;Hiệp Tân;252.05087;44186.551;22-01-07 03:49:22;22-01-07 04:15:00;false;0;72 ;Sunny;
2022-01-07 17:57:45;2022-01-08 02:49:37;92%;55%;;0;101.42;Thành phố Tây Ninh;110.94514;31911.919;22-01-08 02:35:28;22-01-08 03:00:00;false;0;75 ;Cloudy;
2022-01-08 18:21:48;2022-01-09 02:43:58;88%;69%;;0;101.259995;Thành phố Tây Ninh;91.01846;30130.367;22-01-09 02:46:21;22-01-09 03:10:00;true;124;71 ;Sunny;
2022-01-09 19:07:19;2022-01-10 05:25:25;96%;73%;;0;101.13;Thành phố Tây Ninh;75.67184;37085.74;22-01-10 02:54:03;22-01-10 03:20:00;false;0;73 ;Fair;
2022-01-10 18:28:16;2022-01-11 05:52:14;99%;85%;;0;101.36;Hiệp Tân;42.72742;41038.241;22-01-11 02:31:03;22-01-11 02:55:00;false;0;76 ;Cloudy;
2022-01-11 18:57:57;2022-01-12 05:30:14;94%;84%;;0;101.229996;Thành phố Tây Ninh;93.17199;37937.539;22-01-12 03:23:20;22-01-12 03:50:00;false;0;69 ;Cloudy;Stressful day
2022-01-12 18:58:09;2022-01-13 04:55:44;99%;92%;;0;101.340004;Hiệp Tân;35.779823;35855.523;22-01-13 03:04:44;22-01-13 03:30:00;false;0;69 ;Cloudy;
2022-01-13 18:44:31;2022-01-14 05:53:29;88%;92%;;0;101.36;Thành phố Tây Ninh;177.1155;40137.388;22-01-14 02:44:27;22-01-14 03:10:00;false;0;69 ;Cloudy;
2022-01-14 18:33:25;2022-01-15 03:20:44;89%;87%;;0;;Thành phố Tây Ninh;136.20422;31638.468;22-01-15 02:55:38;22-01-15 03:20:00;false;0;69 ;;
2022-01-15 19:40:15;2022-01-16 04:15:53;92%;83%;;0;101.44;Thành phố Tây Ninh;73.38962;30937.928;22-01-16 03:49:00;22-01-16 04:15:00;false;0;73 ;Fair;Tea
2022-01-16 19:04:32;2022-01-17 05:05:54;92%;82%;;0;;Thành phố Tây Ninh;122.65045;36081.76;22-01-17 03:21:59;22-01-17 03:45:00;true;589;71 ;;
2022-01-17 18:29:15;2022-01-18 05:51:51;89%;86%;;0;101.21;Thành phố Tây Ninh;152.89592;40955.603;22-01-18 03:00:00;22-01-18 03:30:00;false;0;71 ;Cloudy;Good day:Tea
2022-01-18 18:27:43;2022-01-19 06:08:31;90%;91%;;0;;;145.29053;42048.12;22-01-19 02:35:00;22-01-19 03:05:00;true;94;;;
2022-01-19 18:53:34;2022-01-20 05:00:28;93%;91%;;0;101.07;Thành phố Tây Ninh;111.53654;36414.403;22-01-20 03:28:08;22-01-20 03:55:00;false;0;72 ;Sunny;
2022-01-20 17:58:50;2022-01-21 03:04:37;94%;86%;;0;;Hiệp Tân;96.27551;32747.23;22-01-21 02:43:46;22-01-21 03:10:00;false;0;;;
2022-01-21 18:26:57;2022-01-22 03:26:01;94%;85%;;0;;Hiệp Tân;93.00001;32343.653;22-01-22 02:59:29;22-01-22 03:25:00;false;0;;;
2022-01-22 20:41:23;2022-01-23 06:04:01;100%;76%;;0;;;9.81994;33757.944;22-01-23 05:21:29;22-01-23 05:45:00;false;0;;;
2022-01-23 17:31:27;2022-01-24 05:53:20;94%;74%;;0;;;95.34809;44512.849;22-01-24 01:53:11;22-01-24 02:20:00;false;0;;;
2022-01-25 16:26:54;2022-01-26 05:30:08;93%;79%;;0;;;130.60536;46993.824;22-01-26 01:22:29;22-01-26 01:45:00;false;0;;;
2022-01-26 16:02:05;2022-01-27 07:16:58;88%;84%;;0;101.08;Thành phố Tây Ninh;204.91687;54893.226;22-01-27 00:45:20;22-01-27 01:10:00;false;0;72 ;Cloudy;
2022-01-28 20:48:52;2022-01-28 21:47:42;11%;31%;;0;101.06;Thành phố Tây Ninh;1.0;3529.115;22-01-29 05:01:42;22-01-29 05:25:00;false;0;82 ;Cloudy;
2022-01-30 20:29:59;2022-01-31 06:00:59;97%;28%;;0;100.96;Thành phố Tây Ninh;57.198425;34260.679;22-01-31 05:05:55;22-01-31 05:30:00;false;0;74 ;Cloudy;
2022-01-31 22:05:55;2022-02-01 06:53:04;86%;54%;;0;101.009995;Thành phố Tây Ninh;213.7503;31628.532;22-02-01 06:29:43;22-02-01 06:55:00;false;0;74 ;Sunny;
2022-02-02 21:15:46;2022-02-03 06:50:30;95%;86%;;0;101.18;Thành phố Tây Ninh;93.012024;34483.341;22-02-03 05:48:01;22-02-03 06:15:00;false;0;72 ;Cloudy;
2022-02-03 20:48:43;2022-02-04 05:56:18;97%;90%;;0;;Thành phố Tây Ninh;72.00229;32855.547;22-02-04 05:37:46;22-02-04 06:00:00;false;0;;;
2022-02-04 21:03:18;2022-02-05 06:45:23;100%;89%;;0;;;10.141205;34925.386;22-02-05 05:36:24;22-02-05 06:00:00;false;0;;;
2022-02-06 20:50:25;2022-02-07 06:32:16;98%;93%;;0;;;48.42935;34910.961;22-02-07 05:35:03;22-02-07 06:00:00;false;0;;;
2022-02-07 20:53:48;2022-02-08 06:20:48;100%;97%;;0;;;6.4638867;34020.159;22-02-08 05:35:07;22-02-08 06:00:00;false;0;;;
2022-02-08 21:16:16;2022-02-09 06:35:01;100%;96%;;0;;;19.302416;33525.103;22-02-09 05:37:09;22-02-09 06:00:00;false;0;;;
2022-02-09 20:57:44;2022-02-10 06:50:52;98%;96%;;0;;;38.70948;35588.057;22-02-10 06:07:17;22-02-10 06:30:00;false;0;;;
2022-02-10 21:31:42;2022-02-11 06:50:49;96%;95%;;0;;;79.04232;33547.542;22-02-11 06:05:01;22-02-11 06:30:00;false;0;;;
2022-02-14 18:13:38;2022-02-15 06:52:15;93%;—;;0;;;119.681465;45517.17;22-02-15 04:00:00;22-02-15 04:30:00;false;0;;;
2022-02-15 18:29:49;2022-02-16 05:40:54;100%;87%;;0;100.840004;Thành phố Tây Ninh;5.2388926;40265.264;22-02-16 04:00:00;22-02-16 04:30:00;false;0;74 ;Sunny;
2022-02-16 18:08:03;2022-02-17 07:36:18;90%;84%;;0;100.83;Thành phố Tây Ninh;167.9742;48495.289;22-02-17 04:00:00;22-02-17 04:30:00;true;131;73 ;Sunny;
2022-02-17 18:33:03;2022-02-18 06:41:18;93%;85%;;0;100.88;Thành phố Tây Ninh;121.90441;43694.852;22-02-18 04:05:00;22-02-18 04:35:00;true;139;74 ;Fair;
2022-02-18 18:32:26;2022-02-19 06:07:57;91%;88%;OK;0;;Thành phố Tây Ninh;124.07552;41730.801;22-02-19 04:36:47;22-02-19 05:00:00;false;0;74 ;;
2022-02-19 18:11:57;2022-02-20 05:50:41;93%;92%;Good;0;100.96;Thành phố Tây Ninh;63.19184;41924.336;22-02-20 04:05:30;22-02-20 04:30:00;false;0;75 ;Cloudy;
2022-02-20 18:22:28;2022-02-21 04:32:06;83%;92%;Good;0;101.11;Thành phố Tây Ninh;243.81082;36578.224;22-02-21 04:17:00;22-02-21 04:40:00;false;0;78 ;Cloudy;
2022-02-21 18:38:29;2022-02-22 03:07:24;77%;89%;OK;0;101.33;Thành phố Tây Ninh;390.63776;30535.532;22-02-22 04:16:15;22-02-22 04:40:00;true;373;74 ;Cloudy;
2022-02-22 18:07:23;2022-02-23 03:28:56;96%;88%;OK;0;101.28;Thành phố Tây Ninh;156.36903;33692.871;22-02-23 03:26:11;22-02-23 03:50:00;true;719;75 ;Cloudy;Tea
2022-02-23 18:38:00;2022-02-24 03:47:57;97%;90%;OK;0;101.32;Thành phố Tây Ninh;101.89868;32997.048;22-02-24 03:51:16;22-02-24 04:15:00;false;0;77 ;Cloudy;
2022-02-25 19:23:54;2022-02-26 04:54:49;99%;88%;OK;0;101.15;Thành phố Tây Ninh;16.835032;34254.77;22-02-26 04:43:45;22-02-26 05:10:00;false;0;75 ;Cloudy;
2022-02-26 18:40:04;2022-02-27 04:37:00;99%;87%;OK;0;101.21;Thành phố Tây Ninh;35.920334;35815.636;22-02-27 04:04:16;22-02-27 04:30:00;true;62;78 ;Cloudy;
2022-02-27 18:02:58;2022-02-28 05:05:51;97%;91%;OK;0;101.22;Thành phố Tây Ninh;44.98928;39772.314;22-02-28 03:39:00;22-02-28 04:05:00;true;62;78 ;Cloudy;
2022-02-28 18:25:20;2022-03-01 05:15:34;95%;92%;Bad;0;101.14;Thành phố Tây Ninh;90.783775;39014.813;22-03-01 03:44:59;22-03-01 04:10:00;false;0;78 ;Fair;
2022-03-01 18:32:30;2022-03-02 04:39:50;100%;93%;OK;0;101.11;Thành phố Tây Ninh;51.745487;36439.143;22-03-02 04:13:40;22-03-02 04:40:00;false;0;81 ;Fair;
2022-03-02 18:40:37;2022-03-03 04:39:17;95%;96%;Good;0;101.090004;Thành phố Tây Ninh;99.74111;35919.835;22-03-03 04:15:41;22-03-03 04:40:00;false;0;78 ;Cloudy;
2022-03-03 18:53:47;2022-03-04 04:44:32;94%;96%;Bad;0;101.07;Thành phố Tây Ninh;101.05877;35445.159;22-03-04 04:30:38;22-03-04 04:55:00;false;0;78 ;Fair;Tea
2022-03-04 18:40:17;2022-03-05 05:14:45;95%;96%;OK;0;100.94;Thành phố Tây Ninh;99.0208;38068.56;22-03-05 04:29:52;22-03-05 04:55:00;false;0;78 ;Cloudy;
2022-03-05 18:35:24;2022-03-06 04:50:46;97%;95%;OK;0;101.06;Thành phố Tây Ninh;75.48822;36922.007;22-03-06 04:25:36;22-03-06 04:50:00;true;280;78 ;Cloudy;
2022-03-06 18:31:45;2022-03-07 05:05:15;84%;95%;OK;0;101.08;Thành phố Tây Ninh;181.40944;38010.342;22-03-07 04:25:26;22-03-07 04:50:00;false;0;77 ;Cloudy;
2022-03-07 18:48:13;2022-03-08 04:48:29;100%;96%;OK;0;100.990005;Thành phố Tây Ninh;41.89317;36015.615;22-03-08 04:27:29;22-03-08 04:50:00;false;0;78 ;Cloudy;
2022-03-08 18:42:48;2022-03-09 04:22:43;93%;96%;OK;0;100.909996;Thành phố Tây Ninh;109.84292;34795.09;22-03-09 04:32:28;22-03-09 04:55:00;false;0;76 ;Cloudy;
2022-03-09 18:38:38;2022-03-10 04:55:26;93%;95%;OK;0;100.979996;Thành phố Tây Ninh;0.0;37007.434;22-03-10 04:28:45;22-03-10 04:55:00;false;0;77 ;Sunny;
2022-03-10 18:17:48;2022-03-11 04:53:54;87%;95%;OK;0;100.83;Thành phố Tây Ninh;147.99303;38166.567;22-03-11 04:32:52;22-03-11 04:55:00;true;981;73 ;Cloudy;
2022-03-11 18:03:20;2022-03-12 04:54:11;82%;96%;OK;0;100.7;Thành phố Tây Ninh;191.31877;39050.585;22-03-12 04:31:07;22-03-12 04:55:00;true;318;76 ;Cloudy;
2022-03-12 19:00:21;2022-03-13 05:02:10;93%;95%;OK;0;100.75;Thành phố Tây Ninh;109.24985;36108.861;22-03-13 05:06:49;22-03-13 05:30:00;true;1653;79 ;Cloudy;
2022-03-13 17:55:22;2022-03-14 04:17:11;94%;91%;OK;0;100.96;Thành phố Tây Ninh;99.23803;37309.1;22-03-14 04:19:41;22-03-14 04:45:00;true;1560;81 ;Cloudy;
2022-03-14 18:10:30;2022-03-15 05:05:11;99%;88%;OK;0;100.82;Thành phố Tây Ninh;66.970276;39281.288;22-03-15 04:15:00;22-03-15 04:45:00;true;240;78 ;Cloudy;
2022-03-15 18:27:53;2022-03-16 04:44:02;89%;90%;OK;0;100.759995;Thành phố Tây Ninh;134.6181;36968.962;22-03-16 04:15:00;22-03-16 04:45:00;true;280;78 ;Cloudy;
2022-03-16 18:31:16;2022-03-17 04:45:02;80%;95%;Bad;0;100.92;Thành phố Tây Ninh;199.20955;36825.954;22-03-17 04:20:34;22-03-17 04:45:00;true;316;78 ;Cloudy;
2022-03-17 18:10:36;2022-03-18 04:24:14;87%;96%;Bad;0;100.82;Thành phố Tây Ninh;153.43617;36818.634;22-03-18 04:07:34;22-03-18 04:30:00;true;109;78 ;Sunny;
2022-03-19 18:05:07;2022-03-20 05:09:21;87%;93%;OK;0;100.78;Thành phố Tây Ninh;154.50189;39853.882;22-03-20 04:03:46;22-03-20 04:30:00;false;0;74 ;Cloudy;
2022-03-20 18:49:13;2022-03-21 04:25:19;93%;90%;Bad;0;101.12;Thành phố Tây Ninh;0.0;34565.521;22-03-21 04:06:21;22-03-21 04:30:00;false;0;80 ;Cloudy;
2022-03-21 18:03:38;2022-03-22 05:04:48;74%;87%;Bad;0;101.2;;247.22655;39669.845;22-03-22 04:05:39;22-03-22 04:30:00;false;0;78 ;Cloudy;
2022-03-22 17:56:23;2022-03-23 04:30:40;95%;90%;OK;0;101.14;Thành phố Tây Ninh;95.83954;38056.657;22-03-23 04:04:57;22-03-23 04:30:00;true;157;76 ;Cloudy;
2022-03-27 18:05:05;2022-03-28 04:06:36;70%;—;OK;0;101.04;Thành phố Tây Ninh;277.55893;36091.172;22-03-28 04:07:44;22-03-28 04:30:00;false;0;73 ;Cloudy;
2022-03-28 17:49:13;2022-03-29 04:03:59;100%;97%;OK;0;101.12;Thành phố Tây Ninh;50.523094;36886.317;22-03-29 03:40:51;22-03-29 04:05:00;false;0;75 ;Rain;
2022-03-29 17:56:41;2022-03-30 04:03:57;98%;98%;OK;0;101.020004;Thành phố Tây Ninh;66.324265;36435.799;22-03-30 03:39:12;22-03-30 04:05:00;false;0;74 ;Cloudy;
2022-03-30 17:48:50;2022-03-31 05:15:39;91%;95%;Bad;0;100.770004;;114.23259;41208.7;22-03-31 03:41:45;22-03-31 04:05:00;false;0;76 ;Cloudy;
2022-03-31 17:35:27;2022-04-01 05:05:30;90%;94%;;0;;;0.0;41402.449;22-04-01 03:41:05;22-04-01 04:05:00;false;0;;;
2022-04-03 17:28:12;2022-04-04 04:00:34;95%;89%;OK;0;101.03;Thành phố Tây Ninh;86.49654;37942.136;22-04-04 03:36:30;22-04-04 04:00:00;false;0;74 ;Cloudy;
2022-04-04 17:30:41;2022-04-05 03:42:42;87%;97%;OK;0;;;142.6535;36720.69;22-04-05 03:35:30;22-04-05 04:00:00;true;111;;;
2022-04-05 17:39:53;2022-04-06 03:47:07;91%;97%;OK;0;101.33;Thành phố Tây Ninh;115.31298;36433.77;22-04-06 03:24:40;22-04-06 03:50:00;false;0;76 ;Cloudy;
2022-04-06 17:42:31;2022-04-07 04:50:17;86%;95%;OK;0;101.11;Thành phố Tây Ninh;150.80443;40065.686;22-04-07 03:18:40;22-04-07 03:45:00;false;0;74 ;Cloudy;
2022-04-07 17:57:34;2022-04-08 04:10:39;100%;93%;Good;0;;;48.290974;36785.022;22-04-08 03:19:48;22-04-08 03:45:00;false;0;;;
2022-04-08 17:35:16;2022-04-09 04:06:12;89%;93%;OK;0;100.88;Thành phố Tây Ninh;130.52711;37856.071;22-04-09 03:18:53;22-04-09 03:45:00;false;0;74 ;Cloudy;
2022-04-10 17:36:40;2022-04-11 03:45:41;82%;96%;Good;0;100.83;Thành phố Tây Ninh;177.66386;36541.291;22-04-11 03:20:19;22-04-11 03:45:00;true;855;74 ;Cloudy;
2022-04-11 17:32:47;1970-01-01 07:59:59;0%;0%;OK;0;100.82;Thành phố Tây Ninh;0.0;0.0;22-04-12 03:21:32;22-04-12 03:45:00;false;0;74 ;Cloudy;
2022-04-12 17:52:28;2022-04-13 03:45:17;87%;0%;OK;0;100.64;Thành phố Tây Ninh;146.40785;35569.66;22-04-13 03:20:02;22-04-13 03:45:00;false;0;76 ;Sunny;
2022-04-13 17:41:44;2022-04-14 03:45:12;89%;0%;OK;0;100.56;Thành phố Tây Ninh;130.27983;36207.319;22-04-14 03:21:19;22-04-14 03:45:00;false;0;78 ;Cloudy;
2022-04-14 18:17:05;2022-04-15 04:06:59;91%;0%;Bad;0;100.78;Thành phố Tây Ninh;120.29719;35393.621;22-04-15 03:21:22;22-04-15 03:45:00;false;0;76 ;Cloudy;
2022-04-15 19:25:21;2022-04-16 05:20:15;92%;90%;OK;0;100.729996;Thành phố Tây Ninh;110.35888;35694.207;22-04-16 04:54:56;22-04-16 05:20:00;false;0;77 ;Sunny;
2022-04-16 17:38:20;2022-04-17 03:45:34;81%;81%;OK;0;100.979996;Thành phố Tây Ninh;186.04703;36433.272;22-04-17 03:20:23;22-04-17 03:45:00;false;0;75 ;Cloudy;
2022-04-17 17:18:53;2022-04-18 03:45:56;89%;83%;Good;0;101.05;Thành phố Tây Ninh;130.2463;37622.219;22-04-18 03:19:45;22-04-18 03:45:00;false;0;77 ;Sunny;
2022-04-18 17:21:24;2022-04-19 03:39:59;76%;89%;OK;0;101.159996;;216.67342;37115.125;22-04-19 03:22:29;22-04-19 03:45:00;false;0;76 ;Cloudy;
2022-04-19 18:29:37;2022-04-20 04:11:37;92%;94%;OK;0;101.07;Thành phố Tây Ninh;115.421974;34919.983;22-04-20 03:44:52;22-04-20 04:10:00;false;0;77 ;Cloudy;Tea
2022-04-20 18:02:35;2022-04-21 05:10:11;85%;91%;OK;0;;Thành phố Tây Ninh;164.10724;40056.567;22-04-21 03:21:28;22-04-21 03:45:00;false;0;;;
2022-04-22 17:51:41;2022-04-23 04:36:56;90%;90%;;0;100.86;Thành phố Tây Ninh;150.00816;38715.093;22-04-23 04:22:37;22-04-23 04:45:00;true;63;78 ;Cloudy;
2022-04-23 17:27:15;2022-04-24 03:45:10;82%;91%;OK;0;;;204.29465;37075.129;22-04-24 03:21:33;22-04-24 03:45:00;false;0;;;
2022-04-24 18:29:19;2022-04-25 03:55:05;88%;89%;OK;0;100.840004;Thành phố Tây Ninh;154.79912;33946.332;22-04-25 03:51:37;22-04-25 04:15:00;false;0;78 ;Cloudy;
2022-05-01 17:21:30;2022-05-02 03:45:38;65%;—;Good;0;100.64;Thành phố Tây Ninh;341.4542;37448.737;22-05-02 03:21:42;22-05-02 03:45:00;true;159;75 ;Cloudy;
2022-05-02 17:19:06;2022-05-03 03:45:34;88%;99%;Good;0;101.03;Thành phố Tây Ninh;158.47153;37587.863;22-05-03 03:20:21;22-05-03 03:45:00;false;0;75 ;Cloudy;
2022-05-03 17:41:53;2022-05-04 03:23:54;97%;96%;Good;0;100.86;Thành phố Tây Ninh;85.05713;34921.31;22-05-04 03:18:55;22-05-04 03:45:00;false;0;74 ;Cloudy;
2022-05-04 17:38:30;2022-05-05 03:38:29;100%;96%;OK;0;101.020004;Thành phố Tây Ninh;61.18526;35998.582;22-05-05 03:20:28;22-05-05 03:45:00;false;0;76 ;Cloudy;
2022-05-05 17:29:55;2022-05-06 03:34:48;96%;96%;OK;0;100.9;Thành phố Tây Ninh;91.14924;36292.995;22-05-06 03:20:04;22-05-06 03:45:00;true;408;76 ;Cloudy;
2022-05-06 17:29:58;2022-05-07 03:42:55;95%;98%;OK;0;100.69;Thành phố Tây Ninh;98.77435;36777.105;22-05-07 03:21:51;22-05-07 03:45:00;true;237;75 ;Cloudy;
2022-05-07 18:19:49;2022-05-08 04:23:36;91%;94%;OK;0;100.67;Thành phố Tây Ninh;128.55956;36226.721;22-05-08 04:22:07;22-05-08 04:45:00;true;71;75 ;Cloudy;
2022-05-08 17:23:17;2022-05-09 03:33:54;90%;90%;OK;0;100.979996;Thành phố Tây Ninh;136.84074;36636.248;22-05-09 03:20:19;22-05-09 03:45:00;true;238;77 ;Cloudy;
2022-05-09 17:33:14;2022-05-10 03:28:35;94%;90%;OK;0;100.79;Thành phố Tây Ninh;111.97885;35720.841;22-05-10 03:21:56;22-05-10 03:45:00;true;174;77 ;Cloudy;
2022-05-10 17:37:47;2022-05-11 03:34:21;90%;93%;OK;0;101.009995;Thành phố Tây Ninh;140.68823;35794.64;22-05-11 03:20:41;22-05-11 03:45:00;true;1421;76 ;Cloudy;
2022-05-11 17:46:09;2022-05-12 03:45:01;90%;97%;Bad;0;100.770004;Thành phố Tây Ninh;141.97676;35932.542;22-05-12 03:19:39;22-05-12 03:45:00;true;803;76 ;Rain;
2022-05-12 18:25:05;2022-05-13 03:58:53;92%;96%;Bad;0;100.75;Thành phố Tây Ninh;121.30429;34428.311;22-05-13 03:19:00;22-05-13 03:45:00;true;86;77 ;Cloudy;
2022-05-14 17:37:20;2022-05-15 03:45:18;84%;92%;OK;0;100.87;Thành phố Tây Ninh;197.10132;36477.422;22-05-15 03:18:31;22-05-15 03:45:00;true;118;79 ;Cloudy;
2022-05-15 17:34:11;2022-05-16 03:40:03;93%;95%;Bad;0;100.82;Thành phố Tây Ninh;120.08002;36352.842;22-05-16 03:20:58;22-05-16 03:45:00;false;0;76 ;Cloudy;
2022-05-16 17:25:14;2022-05-17 03:42:56;91%;98%;OK;0;101.020004;Thành phố Tây Ninh;139.6425;37062.65;22-05-17 03:21:32;22-05-17 03:45:00;false;0;77 ;Cloudy;
2022-05-17 17:47:07;2022-05-18 03:21:08;77%;97%;OK;0;101.009995;Thành phố Tây Ninh;254.52759;34440.543;22-05-18 03:22:34;22-05-18 03:45:00;true;291;75 ;Rain;
2022-05-18 17:35:10;2022-05-19 03:59:07;89%;95%;OK;0;;;154.3505;37437.546;22-05-19 03:21:17;22-05-19 03:45:00;false;0;;;
2022-05-19 18:26:12;2022-05-20 03:53:24;95%;93%;OK;0;100.88;Thành phố Tây Ninh;111.82238;34031.659;22-05-20 03:55:09;22-05-20 04:20:00;false;0;76 ;Fog;Stressful day
2022-05-20 18:09:44;2022-05-21 04:01:16;100%;93%;OK;0;;;62.34467;35491.554;22-05-21 03:53:17;22-05-21 04:20:00;true;275;;;
2022-05-21 17:42:51;2022-05-22 04:07:49;95%;94%;OK;0;;Thành phố Tây Ninh;108.1335;37497.546;22-05-22 03:52:02;22-05-22 04:15:00;false;0;;;
2022-05-22 17:48:11;2022-05-23 04:57:04;79%;94%;OK;0;;;234.86261;40133.163;22-05-23 03:21:10;22-05-23 03:45:00;true;910;;;
2022-05-23 17:41:14;2022-05-24 04:58:44;90%;95%;OK;0;;;152.12457;40650.331;22-05-24 03:20:25;22-05-24 03:45:00;true;974;;;
2022-05-24 17:46:39;2022-05-25 04:53:15;79%;96%;OK;0;;;233.45862;39995.818;22-05-25 03:21:04;22-05-25 03:45:00;true;495;;;
2022-05-25 18:02:45;2022-05-26 04:58:35;67%;98%;Bad;0;;;332.11853;39349.777;22-05-26 03:22:02;22-05-26 03:45:00;false;0;;;
2022-05-26 17:34:09;2022-05-27 03:37:20;80%;93%;OK;0;;;232.97841;36191.566;22-05-27 03:21:30;22-05-27 03:45:00;false;0;;;
2022-05-27 17:35:40;2022-05-28 03:18:17;89%;92%;OK;0;;;167.3297;34956.672;22-05-28 03:20:20;22-05-28 03:45:00;false;0;;;
2022-05-28 18:10:46;2022-05-29 03:34:16;95%;91%;OK;0;;;116.73205;33810.193;22-05-29 03:56:51;22-05-29 04:20:00;true;258;;;
2022-05-29 17:21:49;2022-05-30 03:45:22;74%;93%;OK;0;;;287.34888;37412.792;22-05-30 03:22:19;22-05-30 03:45:00;false;0;;;
2022-05-30 17:41:58;2022-05-31 03:43:49;94%;93%;OK;0;;;124.90446;36111.401;22-05-31 03:20:25;22-05-31 03:45:00;true;1817;;;
2022-05-31 17:58:54;2022-06-01 03:29:42;91%;94%;OK;0;;;147.3257;34247.467;22-06-01 03:22:35;22-06-01 03:45:00;false;0;;;
2022-06-11 17:27:40;2022-06-12 06:01:27;90%;—;OK;0;100.89;Thành phố Tây Ninh;168.30817;45227.126;22-06-12 03:20:51;22-06-12 03:45:00;true;881;74 ;Fog;
2022-06-12 17:16:23;2022-06-13 04:13:36;88%;83%;OK;0;100.840004;Thành phố Tây Ninh;182.35777;39432.768;22-06-13 03:22:55;22-06-13 03:45:00;true;7430;75 ;Fog;Headache:Tea
2022-06-13 17:30:44;2022-06-14 04:43:20;92%;88%;OK;0;100.770004;Thành phố Tây Ninh;145.76459;40356.143;22-06-14 03:20:21;22-06-14 03:45:00;true;2579;76 ;Cloudy;
2022-06-14 17:32:11;2022-06-15 05:10:29;82%;91%;Bad;0;100.88;Thành phố Tây Ninh;237.10654;41897.227;22-06-15 03:20:28;22-06-15 03:45:00;true;62;78 ;Cloudy;
2022-06-15 17:24:43;2022-06-16 04:58:25;83%;95%;OK;0;101.2;Thành phố Tây Ninh;225.01605;41621.927;22-06-16 03:19:17;22-06-16 03:45:00;true;1187;76 ;Cloudy;
2022-06-17 17:31:57;2022-06-18 04:10:06;90%;94%;OK;0;101.009995;Thành phố Tây Ninh;161.51201;38289.472;22-06-18 03:19:26;22-06-18 03:45:00;false;0;74 ;Cloudy;
2022-06-18 17:31:27;2022-06-19 03:35:26;99%;93%;OK;0;101.03;Thành phố Tây Ninh;84.700424;36238.693;22-06-19 03:22:34;22-06-19 03:45:00;true;1759;75 ;Cloudy;
2022-06-19 17:26:23;2022-06-20 03:46:02;94%;96%;OK;0;100.9;Thành phố Tây Ninh;133.51457;37178.44;22-06-20 03:22:58;22-06-20 03:45:00;true;201;76 ;Cloudy;
2022-06-20 17:29:41;2022-06-21 03:15:20;97%;96%;OK;0;;Thành phố Tây Ninh;105.4726;35138.828;22-06-21 03:20:41;22-06-21 03:45:00;true;381;;;
2022-06-21 17:37:49;2022-06-22 04:20:35;92%;94%;OK;0;;;146.88402;38566.59;22-06-22 03:22:18;22-06-22 03:45:00;false;0;;;
2022-06-22 18:28:31;2022-06-23 04:20:28;98%;92%;OK;0;;;94.27397;35517.127;22-06-23 04:03:51;22-06-23 04:30:00;true;430;;;
2022-06-23 17:29:17;2022-06-24 03:29:12;100%;89%;OK;0;;;45.259407;35994.517;22-06-24 03:18:39;22-06-24 03:45:00;false;0;;;
2022-06-25 17:21:29;2022-06-26 04:50:29;91%;86%;OK;0;100.770004;Thành phố Tây Ninh;151.01631;41339.387;22-06-26 03:18:19;22-06-26 03:45:00;false;0;76 ;Cloudy;
2022-06-26 17:34:32;2022-06-27 03:34:21;74%;87%;OK;0;101.090004;Thành phố Tây Ninh;298.80295;35988.88;22-06-27 03:18:49;22-06-27 03:45:00;false;0;76 ;Cloudy;
2022-06-28 17:27:40;2022-06-29 03:16:40;93%;92%;OK;0;100.490005;Thành phố Tây Ninh;144.23483;35339.524;22-06-29 03:18:50;22-06-29 03:45:00;false;0;76 ;Cloudy;
2022-06-29 17:25:21;2022-06-30 03:26:29;91%;97%;OK;0;;;157.89862;36068.038;22-06-30 03:20:12;22-06-30 03:45:00;true;165;;;
2022-06-30 17:28:14;2022-07-01 03:22:59;89%;98%;OK;0;100.53;Thành phố Tây Ninh;178.19487;35684.914;22-07-01 03:22:04;22-07-01 03:45:00;false;0;77 ;Cloudy;
2022-07-01 17:34:11;2022-07-02 03:45:53;97%;97%;Good;0;100.479996;Thành phố Tây Ninh;107.06759;36702.12;22-07-02 03:18:08;22-07-02 03:45:00;true;162;78 ;Cloudy;Tea
2022-07-02 17:27:42;2022-07-03 05:20:50;86%;93%;;0;;;69.95112;42787.839;22-07-03 03:20:06;22-07-03 03:45:00;true;237;;;Tea
2022-07-03 17:24:49;2022-07-04 03:38:44;92%;89%;OK;0;100.63;Thành phố Tây Ninh;154.90027;36835.438;22-07-04 03:21:05;22-07-04 03:45:00;false;0;77 ;Cloudy;Headache
2022-07-04 17:28:38;2022-07-05 03:09:05;90%;88%;OK;0;100.87;Thành phố Tây Ninh;165.86325;34827.227;22-07-05 03:22:04;22-07-05 03:45:00;false;0;78 ;Cloudy;
2022-07-05 17:38:31;2022-07-06 04:20:09;87%;89%;Bad;0;100.72;Thành phố Tây Ninh;195.25648;38498.755;22-07-06 03:19:32;22-07-06 03:45:00;false;0;77 ;Cloudy;
2022-07-06 17:29:20;2022-07-07 03:44:44;92%;92%;Good;0;100.97;Thành phố Tây Ninh;147.0214;36924.21;22-07-07 03:19:43;22-07-07 03:45:00;false;0;77 ;Rain;
2022-07-07 17:35:30;2022-07-08 04:03:33;92%;93%;OK;0;;;154.15784;37682.327;22-07-08 03:19:51;22-07-08 03:45:00;false;0;;;
2022-07-08 17:27:42;2022-07-09 03:04:03;82%;93%;OK;0;100.61;Thành phố Tây Ninh;250.37434;34580.98;22-07-09 03:21:14;22-07-09 03:45:00;true;265;77 ;Rain;
2022-07-09 17:29:10;2022-07-10 02:43:21;92%;94%;OK;0;100.759995;Thành phố Tây Ninh;155.30482;33250.706;22-07-10 03:05:35;22-07-10 03:30:00;false;0;75 ;Cloudy;
2022-07-10 17:25:15;2022-07-11 03:13:25;94%;94%;OK;0;100.520004;Thành phố Tây Ninh;136.86568;35290.808;22-07-11 03:07:32;22-07-11 03:30:00;false;0;75 ;Rain;
2022-07-11 17:28:43;2022-07-12 02:25:12;87%;95%;OK;0;100.78;Thành phố Tây Ninh;191.75923;32189.093;22-07-12 03:03:47;22-07-12 03:30:00;false;0;76 ;Rain;
2022-07-12 17:27:51;2022-07-13 03:26:44;89%;93%;OK;0;100.68;Thành phố Tây Ninh;178.47906;35932.739;22-07-13 03:09:01;22-07-13 03:35:00;true;91;76 ;Rain;
2022-07-13 17:26:03;2022-07-14 03:10:15;100%;93%;OK;0;100.490005;Thành phố Tây Ninh;68.56843;35052.308;22-07-14 03:12:19;22-07-14 03:35:00;false;0;75 ;Rain;
2022-07-14 17:28:16;2022-07-15 02:48:58;99%;95%;OK;0;100.729996;Thành phố Tây Ninh;92.502464;33642.233;22-07-15 03:10:12;22-07-15 03:35:00;false;0;76 ;Cloudy;
2022-07-15 17:35:16;2022-07-16 03:20:38;91%;96%;Good;0;100.8;Thành phố Tây Ninh;156.82103;35122.634;22-07-16 03:09:27;22-07-16 03:35:00;false;0;76 ;Cloudy;
2022-07-16 17:29:10;2022-07-17 05:35:49;85%;90%;;0;;;66.64754;43599.306;22-07-17 03:10:58;22-07-17 03:35:00;false;0;;;
2022-07-17 17:25:45;2022-07-18 03:16:54;97%;85%;OK;0;100.97;Thành phố Tây Ninh;109.760445;35468.475;22-07-18 03:10:01;22-07-18 03:35:00;false;0;76 ;Fair;
2022-07-18 17:28:26;2022-07-19 02:59:50;98%;85%;OK;0;;;92.807755;34284.364;22-07-19 03:11:32;22-07-19 03:35:00;false;0;;;Tea
2022-07-19 17:29:18;2022-07-20 03:35:05;86%;90%;;0;;;99.19147;36346.78;22-07-20 03:10:41;22-07-20 03:35:00;false;0;;;
2022-07-20 17:27:56;2022-07-21 03:55:53;91%;96%;Bad;0;;;156.88239;37676.22;22-07-21 03:09:17;22-07-21 03:35:00;false;0;;;
2022-07-21 17:28:12;2022-07-22 03:31:29;98%;96%;OK;0;;;93.95608;36197.155;22-07-22 03:11:03;22-07-22 03:35:00;false;0;;;
2022-07-22 17:25:15;2022-07-22 19:30:17;10%;75%;Bad;0;;;586.512;7501.653;22-07-23 03:09:03;22-07-23 03:35:00;false;0;;;
2022-07-22 19:30:47;2022-07-23 04:50:43;100%;88%;Bad;0;;;57.45113;33595.956;;;false;0;;;
2022-07-23 17:26:03;2022-07-24 03:48:12;90%;80%;OK;0;;;170.42625;37328.939;22-07-24 03:09:19;22-07-24 03:35:00;false;0;;;
2022-07-24 17:26:03;2022-07-25 03:55:06;96%;81%;Bad;0;;Thành phố Tây Ninh;116.71569;37743.491;22-07-25 03:10:39;22-07-25 03:35:00;false;0;;;
2022-07-25 17:35:52;2022-07-26 04:05:03;88%;90%;Bad;0;101.009995;Thành phố Tây Ninh;189.92589;37751.14;22-07-26 03:11:15;22-07-26 03:35:00;false;0;77 ;Cloudy;
2022-07-26 17:28:47;2022-07-27 03:42:05;93%;97%;Bad;0;100.79;Thành phố Tây Ninh;147.8423;36797.063;22-07-27 03:08:20;22-07-27 03:35:00;false;0;74 ;Cloudy;
2022-07-27 17:24:43;2022-07-28 03:14:00;97%;96%;OK;0;100.770004;Thành phố Tây Ninh;107.40034;35356.665;22-07-28 03:12:15;22-07-28 03:35:00;false;0;74 ;Cloudy;
2022-07-28 17:26:32;2022-07-29 03:03:28;96%;96%;OK;0;100.740005;Thành phố Tây Ninh;115.38315;34615.956;22-07-29 03:08:26;22-07-29 03:35:00;false;0;75 ;Sunny;
2022-07-29 17:26:47;2022-07-30 04:19:35;92%;94%;OK;0;;;149.34706;39167.94;22-07-30 03:12:29;22-07-30 03:35:00;false;0;;;
2022-07-30 17:28:31;2022-07-31 03:33:34;100%;93%;OK;0;100.71;Thành phố Tây Ninh;76.228355;36303.195;22-07-31 03:10:18;22-07-31 03:35:00;false;0;76 ;Cloudy;
2022-07-31 17:29:15;2022-08-01 03:15:52;91%;93%;OK;0;100.729996;Thành phố Tây Ninh;163.756;35196.618;22-08-01 03:08:55;22-08-01 03:35:00;false;0;75 ;Rain;Stressful day:Tea
2022-08-01 17:28:45;2022-08-02 03:22:10;74%;96%;Good;0;100.83;Thành phố Tây Ninh;322.06064;35604.341;22-08-02 03:11:03;22-08-02 03:35:00;false;0;76 ;Rain;
2022-08-02 17:32:03;2022-08-03 03:35:23;93%;98%;OK;0;100.83;Thành phố Tây Ninh;145.13121;36199.634;22-08-03 03:09:51;22-08-03 03:35:00;false;0;75 ;Fair;
2022-08-03 17:27:51;2022-08-04 03:35:12;88%;98%;OK;0;100.81;Thành phố Tây Ninh;193.16704;36440.647;22-08-04 03:08:46;22-08-04 03:35:00;false;0;75 ;Fog;
2022-08-04 17:34:34;2022-08-05 03:35:53;90%;98%;OK;0;100.69;Thành phố Tây Ninh;174.52606;36078.9;22-08-05 03:12:38;22-08-05 03:35:00;false;0;75 ;Cloudy;
2022-08-05 17:28:19;2022-08-06 04:00:41;91%;98%;OK;0;100.69;Thành phố Tây Ninh;168.32852;37941.866;22-08-06 03:08:16;22-08-06 03:35:00;false;0;75 ;Cloudy;
2022-08-06 17:25:39;2022-08-07 03:32:21;78%;96%;OK;0;100.6;Thành phố Tây Ninh;289.41736;36402.341;22-08-07 03:11:03;22-08-07 03:35:00;false;0;76 ;Cloudy;
2022-08-07 17:26:01;2022-08-08 03:32:13;96%;97%;OK;0;100.8;Thành phố Tây Ninh;123.2162;36371.348;22-08-08 03:12:23;22-08-08 03:35:00;false;0;75 ;Cloudy;
2022-08-08 17:26:51;2022-08-09 04:03:34;91%;97%;OK;0;100.67;Thành phố Tây Ninh;167.63506;38203.411;22-08-09 03:11:39;22-08-09 03:35:00;true;107;75 ;Cloudy;
2022-08-09 17:29:24;2022-08-10 03:29:20;100%;96%;OK;0;;;79.55117;35996.772;22-08-10 03:08:17;22-08-10 03:35:00;false;0;;;Tea
2022-08-10 17:26:19;2022-08-11 04:00:16;91%;95%;OK;0;100.590004;Thành phố Tây Ninh;161.3052;38037.027;22-08-11 03:09:54;22-08-11 03:35:00;false;0;77 ;Cloudy;
2022-08-11 17:26:37;2022-08-12 03:19:28;93%;94%;OK;0;100.759995;Thành phố Tây Ninh;146.56271;35571.412;22-08-12 03:10:54;22-08-12 03:35:00;false;0;74 ;Fair;
2022-08-12 17:30:07;2022-08-13 03:59:41;89%;94%;OK;0;100.89;Thành phố Tây Ninh;180.15216;37774.017;22-08-13 03:10:19;22-08-13 03:35:00;false;0;73 ;Sunny;
2022-08-13 17:28:35;2022-08-14 03:41:49;96%;95%;OK;0;100.85;Thành phố Tây Ninh;123.349266;36793.746;22-08-14 03:09:19;22-08-14 03:35:00;false;0;77 ;Sunny;
2022-08-14 17:28:05;2022-08-15 03:44:09;88%;96%;OK;0;100.78;Thành phố Tây Ninh;188.56726;36963.883;22-08-15 03:09:39;22-08-15 03:35:00;false;0;78 ;Cloudy;
2022-08-15 17:25:23;2022-08-16 03:34:21;94%;98%;OK;0;100.78;Thành phố Tây Ninh;134.53183;36538.121;22-08-16 03:11:12;22-08-16 03:35:00;false;0;75 ;Cloudy;Tea
2022-08-16 17:25:01;2022-08-17 03:35:13;90%;99%;OK;0;100.92;Thành phố Tây Ninh;170.30669;36612.13;22-08-17 03:08:30;22-08-17 03:35:00;false;0;76 ;Cloudy;
2022-08-17 17:27:30;2022-08-18 03:34:43;95%;99%;OK;0;101.020004;Thành phố Tây Ninh;127.24682;36433.517;22-08-18 03:11:06;22-08-18 03:35:00;true;64;76 ;Cloudy;
2022-08-18 18:16:49;2022-08-19 04:15:26;90%;95%;OK;0;;;169.2593;35917.619;22-08-19 03:29:52;22-08-19 03:55:00;false;0;;;
2022-08-19 17:29:15;2022-08-20 03:34:59;77%;91%;OK;0;100.729996;Thành phố Tây Ninh;292.32596;36344.061;22-08-20 03:11:19;22-08-20 03:35:00;false;0;76 ;Cloudy;
2022-08-20 17:24:33;2022-08-21 03:40:35;95%;91%;Good;0;100.71;Thành phố Tây Ninh;132.89514;36962.131;22-08-21 02:45:21;22-08-21 03:10:00;false;0;76 ;Cloudy;
2022-08-21 17:25:12;2022-08-22 03:35:24;93%;95%;OK;0;100.729996;Thành phố Tây Ninh;146.94504;36611.639;22-08-22 03:09:38;22-08-22 03:35:00;false;0;76 ;Cloudy;
2022-08-22 17:26:48;2022-08-23 03:44:04;89%;98%;OK;0;100.83;Thành phố Tây Ninh;179.07555;37035.848;22-08-23 03:08:56;22-08-23 03:35:00;false;0;75 ;Cloudy;
2022-08-23 17:29:46;2022-08-24 03:46:31;77%;99%;OK;0;100.92;Thành phố Tây Ninh;289.65018;37005.354;22-08-24 03:11:11;22-08-24 03:35:00;false;0;76 ;Cloudy;
2022-08-24 17:25:21;2022-08-25 03:35:24;93%;98%;OK;0;100.75;Thành phố Tây Ninh;147.07393;36603.483;22-08-25 03:10:27;22-08-25 03:35:00;false;0;75 ;Rain;
2022-08-25 17:26:16;2022-08-26 03:42:02;65%;98%;OK;0;100.909996;Thành phố Tây Ninh;401.72397;36945.982;22-08-26 03:11:13;22-08-26 03:35:00;false;0;77 ;Cloudy;
2022-08-26 17:26:26;2022-08-27 03:55:38;86%;98%;OK;0;100.93;Thành phố Tây Ninh;212.23425;37752.098;22-08-27 03:12:59;22-08-27 03:35:00;false;0;73 ;Fog;
2022-08-27 17:28:36;2022-08-28 04:45:40;76%;96%;Bad;0;100.8;Thành phố Tây Ninh;307.08365;40623.709;22-08-28 03:08:41;22-08-28 03:35:00;true;70;73 ;Fog;
2022-08-28 17:27:59;2022-08-29 04:42:40;88%;96%;OK;0;100.770004;Thành phố Tây Ninh;197.36897;40481.583;22-08-29 03:08:32;22-08-29 03:35:00;false;0;74 ;Cloudy;Headache
2022-08-29 17:29:16;2022-08-30 03:25:16;94%;93%;OK;0;101.15;Thành phố Tây Ninh;142.57545;35760.337;22-08-30 03:12:12;22-08-30 03:35:00;false;0;75 ;Cloudy;
2022-08-30 17:30:31;2022-08-31 03:35:47;84%;95%;;0;100.92;Thành phố Tây Ninh;236.1426;36315.798;22-08-31 03:11:18;22-08-31 03:35:00;false;0;74 ;Rain;
2022-08-31 17:53:10;2022-09-01 03:55:42;95%;93%;;0;100.9;;132.16103;36151.602;22-09-01 03:11:01;22-09-01 03:35:00;false;0;74 ;Cloudy;
2022-09-01 17:28:14;2022-09-02 04:52:34;79%;93%;;0;100.759995;Thành phố Tây Ninh;282.47665;41060.042;22-09-02 03:08:29;22-09-02 03:35:00;false;0;74 ;Fair;
2022-09-02 17:25:45;2022-09-03 04:18:46;85%;92%;;0;100.71;Thành phố Tây Ninh;227.66603;39181.385;22-09-03 03:11:56;22-09-03 03:35:00;false;0;76 ;Cloudy;
2022-09-03 17:28:37;2022-09-04 03:25:30;97%;91%;;0;100.94;Thành phố Tây Ninh;115.83467;35812.605;22-09-04 03:11:08;22-09-04 03:35:00;false;0;75 ;Cloudy;
2022-09-04 17:27:28;2022-09-05 04:13:03;63%;93%;;0;100.88;Thành phố Tây Ninh;426.8201;38734.997;22-09-05 03:12:05;22-09-05 03:35:00;false;0;75 ;Rain;
2022-09-05 17:23:31;2022-09-06 03:35:08;93%;93%;;0;100.92;Thành phố Tây Ninh;152.26828;36697.252;22-09-06 03:10:16;22-09-06 03:35:00;false;0;76 ;Cloudy;
2022-09-06 17:28:19;2022-09-07 03:50:32;95%;94%;;0;100.729996;Thành phố Tây Ninh;134.02722;37333.056;22-09-07 03:11:05;22-09-07 03:35:00;false;0;75 ;Cloudy;
2022-09-07 17:28:44;2022-09-08 04:26:35;92%;95%;;0;100.96;Thành phố Tây Ninh;161.84877;39471.391;22-09-08 03:10:59;22-09-08 03:35:00;false;0;74 ;Cloudy;
2022-09-08 17:25:04;2022-09-09 04:09:40;89%;96%;;0;;;186.43436;38675.197;22-09-09 03:08:31;22-09-09 03:35:00;false;0;;;
2022-09-09 17:27:06;2022-09-10 03:33:35;96%;95%;;0;101.14;;122.95273;36389.033;22-09-10 03:12:47;22-09-10 03:35:00;false;0;76 ;Cloudy;
2022-09-10 17:26:55;2022-09-11 04:17:25;83%;95%;;0;;;241.07991;39029.63;22-09-11 03:11:45;22-09-11 03:35:00;false;0;;;
2022-09-11 17:26:26;2022-09-12 03:31:38;84%;94%;;0;100.96;;238.41664;36312.384;22-09-12 03:11:16;22-09-12 03:35:00;false;0;74 ;Cloudy;
2022-09-12 17:24:51;2022-09-12 19:33:25;11%;73%;;0;100.83;Thành phố Tây Ninh;572.1009;7714.848;22-09-13 03:12:16;22-09-13 03:35:00;false;0;76 ;Rainy showers;
2022-09-12 19:34:02;2022-09-13 04:29:13;100%;87%;;0;;;55.516033;32110.457;22-09-13 03:12:29;22-09-13 03:35:00;false;0;;;
2022-09-13 17:24:39;2022-09-14 04:30:30;72%;83%;;0;101.03;Thành phố Tây Ninh;341.72525;39951.628;22-09-14 03:08:14;22-09-14 03:35:00;false;0;75 ;Rainy showers;
2022-09-14 17:25:40;2022-09-15 03:35:16;88%;82%;;0;101.15;Thành phố Tây Ninh;201.87283;36575.855;22-09-15 03:10:59;22-09-15 03:35:00;false;0;74 ;Cloudy;
2022-09-15 17:27:59;2022-09-16 03:56:04;89%;90%;;0;100.909996;Thành phố Tây Ninh;188.9078;37685.142;22-09-16 03:09:15;22-09-16 03:35:00;false;0;75 ;Cloudy;
2022-09-16 17:27:07;2022-09-17 04:27:20;74%;94%;;0;100.81;Thành phố Tây Ninh;325.60898;39613.428;22-09-17 03:08:29;22-09-17 03:35:00;false;0;74 ;Fog;
2022-09-17 17:28:39;2022-09-18 04:20:03;90%;97%;;0;100.97;Thành phố Tây Ninh;183.25586;39084.417;22-09-18 03:11:33;22-09-18 03:35:00;true;231;76 ;Cloudy;
2022-09-19 17:24:24;2022-09-20 03:29:33;100%;95%;;0;100.86;Thành phố Tây Ninh;92.82502;36309.22;22-09-20 03:29:15;22-09-20 03:55:00;false;0;74 ;Cloudy;
2022-09-20 17:39:25;2022-09-21 03:35:31;87%;94%;;0;100.78;Thành phố Tây Ninh;200.10423;35765.97;22-09-21 03:31:52;22-09-21 03:55:00;true;508;73 ;Cloudy;
2022-09-21 17:21:05;2022-09-22 03:53:36;99%;96%;;0;;;114.2572;37951.736;22-09-22 03:30:52;22-09-22 03:55:00;false;0;;;
2022-09-22 17:24:10;2022-09-23 04:21:58;97%;95%;;0;;;128.23318;39468.084;22-09-23 03:31:54;22-09-23 03:55:00;true;493;;;
2022-09-23 17:23:14;2022-09-24 04:10:11;95%;96%;;0;;;142.20093;38817.837;22-09-24 03:31:45;22-09-24 03:55:00;false;0;;;
2022-09-24 17:21:12;2022-09-25 02:58:53;98%;94%;;0;100.8;;119.06704;34661.738;22-09-25 03:31:46;22-09-25 03:55:00;false;0;75 ;Cloudy;
2022-09-25 17:20:34;2022-09-26 03:30:45;91%;94%;;0;100.9;Thành phố Tây Ninh;171.67564;36611.15;22-09-26 03:32:56;22-09-26 03:55:00;false;0;75 ;Fog;
2022-09-26 18:10:46;2022-09-27 03:26:52;92%;92%;;0;101.0;Thành phố Tây Ninh;235.98207;33365.683;22-09-27 03:29:15;22-09-27 03:55:00;false;0;75 ;Cloudy;
2022-09-27 18:11:26;2022-09-28 03:49:31;98%;94%;;0;100.67;Thành phố Tây Ninh;120.77414;34684.364;22-09-28 03:31:36;22-09-28 03:55:00;false;0;75 ;Cloudy;
2022-09-28 17:21:29;2022-09-29 04:20:16;87%;92%;;0;100.409996;Thành phố Tây Ninh;194.92465;39526.505;22-09-29 03:29:12;22-09-29 03:55:00;false;0;75 ;Rain;
2022-09-29 17:23:06;2022-09-30 04:25:56;62%;94%;;0;100.79;Thành phố Tây Ninh;377.55847;39769.823;22-09-30 03:28:59;22-09-30 03:55:00;false;0;74 ;Cloudy;
2022-09-30 17:21:18;2022-10-01 04:04:08;83%;94%;;0;100.979996;Thành phố Tây Ninh;229.73863;38570.262;22-10-01 03:32:05;22-10-01 03:55:00;false;0;75 ;Cloudy;
2022-10-01 17:20:14;2022-10-02 04:06:43;67%;98%;;0;100.87;Thành phố Tây Ninh;346.84033;38789.098;22-10-02 03:29:28;22-10-02 03:55:00;false;0;73 ;Rain;
2022-10-02 17:24:05;2022-10-03 04:26:26;88%;97%;;0;101.04;Thành phố Tây Ninh;197.6747;39740.296;22-10-03 03:25:00;22-10-03 03:55:00;false;0;75 ;Cloudy;
2022-10-03 17:21:58;2022-10-04 04:25:33;86%;98%;;0;100.990005;Thành phố Tây Ninh;211.09427;39815.255;22-10-04 03:32:55;22-10-04 03:55:00;false;0;75 ;Cloudy;
2022-10-04 17:26:43;2022-10-05 03:54:35;95%;97%;;0;101.05;Thành phố Tây Ninh;144.89655;37672.259;22-10-05 03:31:59;22-10-05 03:55:00;false;0;74 ;Cloudy;
2022-10-05 17:22:00;2022-10-06 03:31:53;80%;96%;;0;101.15;Thành phố Tây Ninh;253.66705;36592.862;22-10-06 03:30:38;22-10-06 03:55:00;false;0;74 ;Cloudy;
2022-10-06 18:09:55;2022-10-07 03:45:53;94%;94%;;0;101.13;Thành phố Tây Ninh;148.13658;34557.716;22-10-07 03:31:27;22-10-07 03:55:00;false;0;75 ;Cloudy;
2022-10-07 17:21:53;2022-10-08 03:48:58;91%;93%;;0;;Thành phố Tây Ninh;171.31538;37624.828;22-10-08 03:29:53;22-10-08 03:55:00;false;0;74 ;;
2022-10-08 17:19:29;2022-10-09 17:19:05;100%;57%;;0;101.13;Thành phố Tây Ninh;89.210075;86376.137;22-10-09 03:25:00;22-10-09 03:55:00;true;77;74 ;Cloudy;
2022-10-09 17:19:43;2022-10-10 03:27:23;88%;21%;;0;101.240005;Thành phố Tây Ninh;193.403;36459.729;22-10-10 03:29:58;22-10-10 03:55:00;false;0;74 ;Rain;
2022-10-10 17:20:51;2022-10-11 04:26:53;88%;21%;;0;101.12;Thành phố Tây Ninh;191.69533;39961.311;22-10-11 03:29:13;22-10-11 03:55:00;false;0;73 ;Fog;
2022-10-11 16:54:43;2022-10-11 17:51:16;12%;28%;;0;;Thành phố Tây Ninh;1.0;3392.575;22-10-12 03:30:05;22-10-12 03:55:00;false;0;;;
2022-10-11 17:51:30;2022-10-12 03:44:54;95%;55%;;0;101.05;Thành phố Tây Ninh;144.8332;35604.358;22-10-12 03:30:48;22-10-12 03:55:00;true;579;75 ;Cloudy;
2022-10-12 18:10:30;2022-10-13 04:40:05;100%;90%;;0;101.0;Thành phố Tây Ninh;99.78901;37775.134;22-10-13 03:28:42;22-10-13 03:55:00;true;557;74 ;Cloudy;
2022-10-13 17:24:09;2022-10-14 04:16:00;92%;89%;;0;100.740005;;166.4147;39110.624;22-10-14 03:30:29;22-10-14 03:55:00;true;381;76 ;Cloudy;
2022-10-14 17:22:11;2022-10-15 03:43:55;93%;91%;;0;100.7;Thành phố Tây Ninh;159.01045;37304.588;22-10-15 03:30:03;22-10-15 03:55:00;false;0;72 ;Cloudy;
2022-10-15 17:22:33;2022-10-16 03:33:58;93%;94%;;0;100.94;Thành phố Tây Ninh;160.21927;36685.242;22-10-16 03:31:33;22-10-16 03:55:00;false;0;73 ;Fair;
2022-10-16 17:23:42;2022-10-17 04:34:49;91%;95%;;0;;Thành phố Tây Ninh;169.42618;40266.78;22-10-17 03:29:53;22-10-17 03:55:00;false;0;;;
2022-10-17 17:19:30;2022-10-17 18:36:14;16%;68%;;0;;;1.0;4603.821;22-10-18 03:30:02;22-10-18 03:55:00;false;0;;;
2022-10-17 18:56:13;2022-10-18 04:14:01;100%;91%;;0;;;81.95983;33467.984;22-10-18 03:28:20;22-10-18 03:55:00;true;90;;;
2022-10-18 17:19:50;2022-10-19 04:19:39;95%;87%;;0;100.92;;140.80862;39588.489;22-10-19 03:28:16;22-10-19 03:55:00;false;0;74 ;Cloudy;
2022-10-19 17:20:40;2022-10-20 03:46:33;90%;88%;;0;101.15;Thành phố Tây Ninh;167.42027;37553.056;22-10-20 03:32:52;22-10-20 03:55:00;false;0;75 ;Rain;
2022-10-20 17:24:57;2022-10-21 04:35:21;87%;91%;;0;101.29;;197.74802;40224.381;22-10-21 03:29:37;22-10-21 03:55:00;false;0;73 ;Cloudy;
2022-10-21 17:20:57;2022-10-22 03:55:41;91%;93%;;0;101.229996;Thành phố Tây Ninh;173.5993;38083.724;22-10-22 03:28:52;22-10-22 03:55:00;false;0;73 ;Cloudy;
2022-10-22 17:23:23;2022-10-23 04:11:02;87%;94%;;0;101.36;Thành phố Tây Ninh;203.07184;38858.71;22-10-23 03:29:51;22-10-23 03:55:00;false;0;77 ;Cloudy;
2022-10-23 17:19:17;2022-10-24 04:06:15;100%;96%;;0;101.12;Thành phố Tây Ninh;110.21392;38818.059;22-10-24 03:31:16;22-10-24 03:55:00;false;0;74 ;Fog;
2022-10-24 18:14:01;2022-10-25 04:26:35;97%;95%;;0;101.020004;Thành phố Tây Ninh;131.47826;36754.069;22-10-25 04:05:00;22-10-25 04:35:00;false;0;75 ;Cloudy;
2022-10-25 17:24:07;2022-10-26 04:37:18;84%;93%;;0;101.15;Thành phố Tây Ninh;221.46169;40390.744;22-10-26 03:32:17;22-10-26 03:55:00;false;0;76 ;Cloudy;
2022-10-26 17:48:44;2022-10-27 04:12:46;87%;91%;;0;101.18;Thành phố Tây Ninh;201.81473;37441.358;22-10-27 03:29:10;22-10-27 03:55:00;false;0;74 ;Rainy showers;
2022-10-27 17:26:53;2022-10-28 03:27:43;72%;91%;;0;101.05;Thành phố Tây Ninh;307.02023;36049.864;22-10-28 03:29:09;22-10-28 03:55:00;false;0;76 ;Rainy showers;
2022-10-28 17:19:33;2022-10-29 03:45:27;96%;93%;;0;100.93;Thành phố Tây Ninh;137.3379;37554.465;22-10-29 03:32:22;22-10-29 03:55:00;false;0;75 ;Cloudy;
2022-10-29 17:23:55;2022-10-30 03:52:24;91%;95%;;0;100.89;Thành phố Tây Ninh;166.11865;37708.765;22-10-30 03:32:47;22-10-30 03:55:00;false;0;75 ;Cloudy;
2022-10-30 17:20:52;2022-10-31 03:38:14;90%;97%;;0;100.89;Thành phố Tây Ninh;178.92836;37041.939;22-10-31 03:30:04;22-10-31 03:55:00;false;0;77 ;Cloudy;
2022-10-31 17:21:00;2022-11-01 03:50:51;91%;98%;;0;101.04;Thành phố Tây Ninh;173.58464;37791.0;22-11-01 03:31:49;22-11-01 03:55:00;false;0;76 ;Cloudy;
2022-11-01 17:20:28;2022-11-02 03:46:31;83%;98%;;0;101.14;Thành phố Tây Ninh;228.27853;37562.867;22-11-02 03:28:33;22-11-02 03:55:00;true;200;74 ;Cloudy;
2022-11-02 17:23:47;2022-11-03 03:52:29;88%;98%;;0;101.14;Thành phố Tây Ninh;196.2854;37721.771;22-11-03 03:32:34;22-11-03 03:55:00;false;0;75 ;Cloudy;
2022-11-03 18:10:50;2022-11-04 03:48:53;97%;97%;;0;101.29;Thành phố Tây Ninh;133.61179;34682.975;22-11-04 03:30:23;22-11-04 03:55:00;false;0;76 ;Rain;
2022-11-04 17:22:45;2022-11-05 03:55:12;93%;94%;;0;101.490005;Thành phố Tây Ninh;155.55466;37946.888;22-11-05 03:28:16;22-11-05 03:55:00;true;997;74 ;Cloudy;
2022-11-05 17:20:37;2022-11-06 03:53:54;100%;94%;;0;;Thành phố Tây Ninh;104.51537;37996.87;22-11-06 03:28:47;22-11-06 03:55:00;false;0;72 ;;
2022-11-06 17:20:53;2022-11-07 03:06:03;89%;95%;;0;101.340004;Thành phố Tây Ninh;189.24838;35109.927;22-11-07 03:32:16;22-11-07 03:55:00;false;0;75 ;Cloudy;
2022-11-07 17:20:52;2022-11-08 03:38:28;93%;96%;;0;101.259995;;162.31747;37055.792;22-11-08 03:29:23;22-11-08 03:55:00;false;0;77 ;Cloudy;
2022-11-08 17:26:05;2022-11-09 03:37:33;96%;95%;;0;101.17;Thành phố Tây Ninh;134.13496;36687.792;22-11-09 03:31:37;22-11-09 03:55:00;false;0;76 ;Cloudy;
2022-11-09 17:26:02;2022-11-10 03:34:35;96%;98%;;0;101.229996;Thành phố Tây Ninh;139.82843;36513.56;22-11-10 03:29:07;22-11-10 03:55:00;true;64;77 ;Cloudy;
2022-11-10 17:26:10;2022-11-11 03:54:27;90%;98%;;0;101.17;Thành phố Tây Ninh;177.23756;37696.811;22-11-11 03:30:13;22-11-11 03:55:00;true;68;77 ;Cloudy;
2022-11-11 17:21:01;2022-11-12 03:37:21;90%;97%;;0;101.15;Thành phố Tây Ninh;177.55948;36980.04;22-11-12 03:29:01;22-11-12 03:55:00;true;528;78 ;Cloudy;
2022-11-12 17:24:30;2022-11-13 03:39:06;87%;97%;;0;101.18;Thành phố Tây Ninh;204.15915;36876.359;22-11-13 03:32:00;22-11-13 03:55:00;false;0;76 ;Rain;
2022-11-13 17:19:25;2022-11-14 03:52:59;99%;97%;;0;101.15;Thành phố Tây Ninh;114.64741;38013.347;22-11-14 03:29:43;22-11-14 03:55:00;false;0;76 ;Cloudy;
2022-11-14 17:16:52;2022-11-15 03:52:25;93%;98%;;0;101.13;Thành phố Tây Ninh;158.35579;38132.781;22-11-15 03:32:39;22-11-15 03:55:00;true;1210;76 ;Sunny;
2022-11-15 17:19:37;2022-11-15 18:11:07;11%;71%;;0;100.88;Thành phố Tây Ninh;1.0;3090.176;22-11-16 03:31:24;22-11-16 03:55:00;false;0;78 ;Cloudy;
2022-11-16 17:19:18;2022-11-17 03:52:24;88%;45%;;0;101.0;Thành phố Tây Ninh;193.72188;37985.936;22-11-17 03:28:20;22-11-17 03:55:00;false;0;78 ;Cloudy;
2022-11-17 17:21:07;2022-11-18 03:29:52;94%;44%;;0;101.1;Thành phố Tây Ninh;151.16844;36524.392;22-11-18 03:30:45;22-11-18 03:55:00;true;295;76 ;Fair;
2022-11-18 17:19:26;2022-11-19 03:39:06;93%;71%;;0;101.1;Thành phố Tây Ninh;160.13098;37179.964;22-11-19 03:28:07;22-11-19 03:55:00;true;1877;76 ;Cloudy;
2022-11-19 17:18:37;2022-11-20 03:38:24;93%;98%;;0;100.81;Thành phố Tây Ninh;161.34613;37187.719;22-11-20 03:31:14;22-11-20 03:55:00;false;0;75 ;Rain;
2022-11-20 17:18:30;2022-11-21 03:36:28;93%;99%;;0;;;158.3021;37077.874;22-11-21 03:29:27;22-11-21 03:55:00;true;721;;;
2022-11-21 17:25:19;2022-11-22 03:53:53;87%;98%;;0;;;199.76547;37713.988;22-11-22 03:32:40;22-11-22 03:55:00;false;0;;;
2022-11-22 17:22:38;2022-11-23 03:55:01;61%;98%;;0;;;380.31018;37942.369;22-11-23 03:29:53;22-11-23 03:55:00;false;0;;;
2022-11-23 17:20:53;2022-11-24 03:54:44;95%;98%;;0;;;147.50224;38031.234;22-11-24 03:30:32;22-11-24 03:55:00;false;0;;;
2022-11-24 17:46:11;2022-11-25 03:47:36;96%;98%;;0;;;138.31595;36084.8;22-11-25 03:28:22;22-11-25 03:55:00;false;0;;;
2022-11-25 17:19:03;2022-11-26 03:55:20;92%;96%;;0;;;167.4775;38177.351;22-11-26 03:29:54;22-11-26 03:55:00;false;0;;;